,record,date,Language,age,gender,age_group,methods,T3,T3c,T6,T6_h,D4,D4a,D4b,D4coded,T8,K0,Q1r1,Q1r2,Q1r5,Q1r3,Q1r6,Q1r7,Q1r8,Q1r10,Q1r12,Q1r13,Q3r1,Q3r2,Q3r4,Q4r1,Q5,T5,T9,T10,weight,laine,Q1r14,Q1r15,start_date,Q1r16,Q1r17,qtime,Q3r5,speeder,Q2new,Keskerakond,EKRE,Reformierakond,Isamaa,SDE,Rohelised,Eesti 200,Parempoolsed,T6_vr,idk,otspunktid,no_idk,nu,cluster
20638,109.0,2022-10-11 15:02:00,Eesti / ?? ?????????,70.0,Naine,65-74,Cati,Eestlane,Eestlane,Valgamaa,Lõuna-Eesti,Tõrva vald (M),,,Maa,Keskharidus,Jah,Üldse ei nõustu,Täiesti nõus,Ei oska öelda,Täiesti nõus,Täiesti nõus,Ei oska öelda,Täiesti nõus,Üldse ei nõustu,Täiesti nõus,Ei oska öelda,Üldse ei usalda,Üldse ei usalda,Üldse ei usalda,Mitte ükski erakond,Jah,1 laps,Pensionär,Kuni 500 €,0.933716153037952,18,Täiesti nõus,Täiesti nõus,,Ei oska öelda,,555.52,,,3,5.0,-5.0,0.0,0.0,0.0,0.0,0.0,0.0,"Võru-, Valga- ja Põlvamaa",4,9,1.125,3,Cluster 3
24099,1550.0,2022-12-14 14:37:00,Vene,43.0,Naine,35-44,Web,Venelane,Muu,Tallinn,Tallinn,Tallinn (L),,Mustamäe,Tallinn,Kõrgharidus,Jah,Pigem nõus,Pigem ei ole nõus,Täiesti nõus,Pigem ei ole nõus,Üldse ei nõustu,Pigem nõus,Pigem ei ole nõus,Pigem nõus,Üldse ei nõustu,Üldse ei nõustu,Pigem ei usalda,Pigem ei usalda,Pigem ei usalda,Ei oska öelda,Jah,2 last,Spetsialist,Üle 2000 €,0.7588967394354765,20,Täiesti nõus,Üldse ei nõustu,,Pigem ei ole nõus,,158.18,,No,4,0.0,-1.0,-4.0,-3.0,0.0,0.0,0.0,0.0,Mustamäe ja Nõmme,0,6,0.5,4,Cluster 2
16965,1972.0,2022-06-22 08:51:00,,25.0,Naine,25-34,Web,Eestlane,Eestlane,Harjumaa,Põhja-Eesti,Rae vald,"Aaviku küla, Assaku alevik, Järveküla, Jüri alevik, Karla küla, Kopli küla, Lagedi alevik, Pajupea küla, Peetri a",,Väikelinn,Kõrgharidus,Jah,Täiesti nõus,Pigem nõus,Pigem ei ole nõus,Üldse ei nõustu,Täiesti nõus,Täiesti nõus,Täiesti nõus,Täiesti nõus,Üldse ei nõustu,Täiesti nõus,Pigem usaldan,Pigem ei usalda,Pigem usaldan,Eesti 200,Jah,1 laps,Spetsialist,501-1000 €,0.9776150014657567,14,Pigem nõus,Täiesti nõus,,Täiesti nõus,,122.11,Pigem ei ole nõus,Yes,,,,,,,,,,Harju- ja Raplamaa,0,10,0.8333333333333334,4,Cluster 4
891,495.0,2021-04-16 11:58:00,Eesti / На эстонском,26.0,Naine,25-34,Cati,Eestlane,Eestlane,Raplamaa,Kesk-Eesti,Rapla vald,"Rapla linn, Sulupere küla, Uusküla (VL)",,Väikelinn,Keskharidus,Jah,Pigem nõus,Täiesti nõus,Pigem nõus,Pigem ei ole nõus,Pigem ei ole nõus,Täiesti nõus,Pigem nõus,Pigem nõus,Üldse ei nõustu,Täiesti nõus,Pigem usaldan,Pigem usaldan,Pigem ei usalda,Rohelised,Jah,Ei ole lapsi,Tööline,501-1000 €,1.1154614906294809,1,,,,,,,,,,,,,,,,,,Harju- ja Raplamaa,0,4,0.3333333333333333,4,Cluster 0
25023,1352.0,2023-01-12 18:27:38,Vene / На русском,48.0,Naine,45-54,Web,Muu,Muu,Harjumaa,Põhja-Eesti,Keila linn (L),,,Linn,Kõrgharidus,Ei,Pigem nõus,Pigem nõus,Pigem nõus,Pigem ei ole nõus,Ei oska öelda,Pigem nõus,Pigem nõus,Pigem nõus,Ei oska öelda,Ei oska öelda,Pigem usaldan,Pigem usaldan,Pigem usaldan,Ei oska öelda,Jah,2 last,Tööline,Üle 2000 €,0.7971670660953099,21,Pigem nõus,Pigem nõus,,Täiesti nõus,,264.72,,No,3,0.0,0.0,0.0,0.0,0.0,0.0,0.0,0.0,Harju- ja Raplamaa,3,1,0.1111111111111111,4,Cluster 1
12930,1526.0,2022-03-07 11:38:00,Eesti / ?? ?????????,41.0,Mees,35-44,Cati,Eestlane,Eestlane,Jõgevamaa,Kesk-Eesti,Jõgeva vald,Muu alevik või küla (M),,Maa,Keskharidus,Jah,Pigem nõus,Pigem ei ole nõus,Pigem nõus,Pigem ei ole nõus,Pigem ei ole nõus,Täiesti nõus,Pigem nõus,Pigem nõus,Üldse ei nõustu,Täiesti nõus,Pigem usaldan,Pigem usaldan,Pigem usaldan,Eesti 200,Jah,3 või rohkem last,Spetsialist,1001-1500 €,1.217934814004233,11,Pigem nõus,Pigem nõus,2022-03-07 11:33:00,Täiesti nõus,Pigem nõus,,,,,,,,,,,,,Jõgeva- ja Tartumaa,0,4,0.3333333333333333,4,Cluster 4
12279,112.0,2022-03-02 11:52:00,Eesti / ?? ?????????,54.0,Mees,45-54,WISE,Eestlane,Eestlane,Jõgevamaa,Kesk-Eesti,Põltsamaa vald (M),,,Maa,Kõrgharidus,Jah,Täiesti nõus,Üldse ei nõustu,Üldse ei nõustu,Üldse ei nõustu,Täiesti nõus,Täiesti nõus,Täiesti nõus,Täiesti nõus,Üldse ei nõustu,Täiesti nõus,Usaldan täiesti,Usaldan täiesti,Usaldan täiesti,Eesti 200,Jah,2 last,Ettevõtja või füüsilisest isikust ettevõtja (FIE),Üle 2000 €,1.0958437589051846,11,Üldse ei nõustu,Täiesti nõus,2022-03-02 11:49:00,Täiesti nõus,Täiesti nõus,,,,,,,,,,,,,Jõgeva- ja Tartumaa,0,14,1.1666666666666667,2,Cluster 4
6382,287.0,2021-10-07 20:47:00,Eesti / ?? ?????????,50.0,Naine,45-54,WISE,Eestlane,Eestlane,Pärnumaa,Lääne-Eesti,Pärnu linn,Pärnu linn (L),,Linn,Keskharidus,Jah,Täiesti nõus,Pigem nõus,Täiesti nõus,Pigem nõus,Pigem nõus,Täiesti nõus,Täiesti nõus,Üldse ei nõustu,Üldse ei nõustu,Pigem ei ole nõus,Pigem ei usalda,Pigem ei usalda,Üldse ei usalda,Isamaa,Jah,2 last,Tööline,501-1000 €,0.6637819382936215,6,Pigem ei ole nõus,Täiesti nõus,,,,,,,,,,,,,,,,Pärnumaa,0,7,0.5833333333333334,4,Cluster 2
8014,779.0,2021-11-23 18:21:00,Eesti / ?? ?????????,63.0,Naine,55-64,Cati,Eestlane,Eestlane,Pärnumaa,Lääne-Eesti,Pärnu linn,Pärnu linn (L),,Linn,Keskharidus,Jah,Täiesti nõus,Pigem nõus,Täiesti nõus,Pigem nõus,Pigem ei ole nõus,Täiesti nõus,Täiesti nõus,Üldse ei nõustu,Üldse ei nõustu,Täiesti nõus,Pigem usaldan,Pigem usaldan,Üldse ei usalda,Isamaa,Jah,2 last,Kodune või mittetöötav,501-1000 €,0.7961328407913361,7,Täiesti nõus,Täiesti nõus,,,,,,,,,,,,,,,,Pärnumaa,0,9,0.75,4,Cluster 2
435,180.0,2021-04-07 17:27:00,Eesti / На эстонском,27.0,Mees,25-34,Cati,Eestlane,Eestlane,Harjumaa,Põhja-Eesti,Saue vald,"Saue linn, Alliku, Koidu või Vanamõisa küla (VL)",,Väikelinn,Keskharidus,Jah,Täiesti nõus,Pigem nõus,Pigem ei ole nõus,Pigem nõus,Täiesti nõus,Pigem nõus,Pigem nõus,Pigem ei ole nõus,Pigem ei ole nõus,Pigem nõus,Pigem usaldan,Pigem usaldan,Pigem usaldan,Reformierakond,Jah,Ei ole lapsi,Spetsialist,Ei soovi avaldada,1.4427870237471603,1,,,,,,,,,,,,,,,,,,Harju- ja Raplamaa,0,2,0.16666666666666666,3,Cluster 0
19752,436.0,2022-09-06 15:37:00,,85.0,Naine,75+,WISE,Venelane,Muu,Tallinn,Tallinn,Tallinn (L),,Kristiine,Tallinn,Keskharidus,Ei,Üldse ei nõustu,Täiesti nõus,Üldse ei nõustu,Täiesti nõus,Üldse ei nõustu,Pigem ei ole nõus,Täiesti nõus,Üldse ei nõustu,Üldse ei nõustu,Pigem ei ole nõus,Pigem usaldan,Pigem usaldan,Pigem usaldan,Keskerakond,Jah,2 last,Pensionär,501-1000 €,1.0954827035577843,17,Ei oska öelda,Täiesti nõus,,Üldse ei nõustu,,744.04,,,3,0.2,-0.2,0.0,0.0,0.0,0.0,0.0,0.0,"Haabersti, Põhja-Tallinn ja Kristiine",1,10,0.9090909090909091,4,Cluster 2
20916,659.0,2022-10-21 13:07:00,Eesti / ?? ?????????,64.0,Mees,55-64,Cati,Eestlane,Eestlane,Tartumaa,Tartumaa,Tartu linn,Tartu linn (L),,Linn,Keskharidus,Jah,Pigem nõus,Pigem ei ole nõus,Pigem ei ole nõus,Pigem nõus,Pigem nõus,Pigem nõus,Pigem nõus,Pigem nõus,Pigem ei ole nõus,Pigem nõus,Pigem usaldan,Pigem usaldan,Pigem usaldan,Isamaa,Jah,1 laps,Pensionär,501-1000 €,0.8003026397635403,18,Pigem nõus,Pigem nõus,,Täiesti nõus,,387.61,,,3,-2.0,0.0,0.0,4.0,0.0,1.0,2.0,-1.0,Tartu linn,0,1,0.08333333333333333,3,Cluster 4
9246,850.0,2021-12-22 10:18:00,,21.0,Mees,16-24,WISE,Eestlane,Eestlane,Tartumaa,Tartumaa,Tartu linn,Tartu linn (L),,Linn,Keskharidus,Jah,Pigem nõus,Pigem nõus,Pigem nõus,Pigem nõus,Pigem ei ole nõus,Täiesti nõus,Pigem ei ole nõus,Pigem nõus,Üldse ei nõustu,Pigem nõus,Pigem usaldan,Pigem usaldan,Pigem usaldan,Eesti 200,Jah,Ei ole lapsi,Õpilane või üliõpilane,501-1000 €,1.012014057572831,8,Pigem ei ole nõus,Pigem nõus,,,,,,,,,,,,,,,,Tartu linn,0,2,0.16666666666666666,4,Cluster 0
3801,338.0,2021-07-21 12:32:00,Eesti / На эстонском,75.0,Mees,75+,Cati,Eestlane,Eestlane,Põlvamaa,Lõuna-Eesti,Põlva vald,"Mammaste küla, Põlva linn (VL)",,Väikelinn,Põhiharidus,Jah,Pigem ei ole nõus,Täiesti nõus,Täiesti nõus,Täiesti nõus,Täiesti nõus,Üldse ei nõustu,Täiesti nõus,Üldse ei nõustu,Täiesti nõus,Täiesti nõus,Pigem ei usalda,Pigem ei usalda,Pigem usaldan,EKRE,Jah,2 last,Pensionär,Kuni 500 €,2.9521201493143123,4,Täiesti nõus,,,,,,,,,,,,,,,,,"Võru-, Valga- ja Põlvamaa",0,11,0.9166666666666666,3,Cluster 3
89,161.0,2021-04-07 14:59:00,Eesti / На эстонском,39.0,Naine,35-44,Cati,Eestlane,Eestlane,Tallinn,Tallinn,Tallinn (L),,Kesklinn,Tallinn,Kõrgharidus,Jah,Pigem nõus,Üldse ei nõustu,Pigem ei ole nõus,Pigem ei ole nõus,Pigem nõus,Pigem nõus,Ei oska öelda,Ei oska öelda,Pigem ei ole nõus,Täiesti nõus,Pigem usaldan,Pigem usaldan,Pigem ei usalda,Eesti 200,Jah,2 last,Spetsialist,1501-2000 €,0.5598226067816356,1,,,,,,,,,,,,,,,,,,"Kesklinn, Lasnamäe ja Pirita",2,2,0.2,5,Cluster 0
13906,663.0,2022-04-05 14:57:20,Eesti / ?? ?????????,42.0,Naine,35-44,WISE,Eestlane,Eestlane,Tartumaa,Tartumaa,Tartu linn,Tartu linn (L),,Linn,Kõrgharidus,Jah,Pigem nõus,Pigem ei ole nõus,Pigem nõus,Pigem ei ole nõus,Pigem ei ole nõus,Täiesti nõus,Pigem nõus,Pigem nõus,Pigem ei ole nõus,Pigem nõus,Pigem usaldan,Pigem usaldan,Pigem usaldan,SDE,Jah,3 või rohkem last,Spetsialist,1001-1500 €,0.9019920086144233,12,Pigem ei ole nõus,Pigem nõus,2022-04-05 14:48:27,Pigem ei ole nõus,,437.73,Pigem nõus,No,,,,,,,,,,Tartu linn,0,1,0.08333333333333333,3,Cluster 4
26291,1129.0,2023-02-08 18:39:00,Vene / На русском,48.0,Mees,45-54,Web,Eestlane,Eestlane,Tallinn,Tallinn,Tallinn (L),,Põhja-Tallinn,Tallinn,Keskharidus,Jah,Pigem ei ole nõus,Pigem ei ole nõus,Pigem nõus,Pigem ei ole nõus,Üldse ei nõustu,Pigem ei ole nõus,Täiesti nõus,Pigem ei ole nõus,Pigem ei ole nõus,Pigem ei ole nõus,Üldse ei usalda,Üldse ei usalda,Üldse ei usalda,Mitte ükski erakond,Ei,1 laps,Tööline,501-1000 €,1.0837911336495807,22,Täiesti nõus,Pigem ei ole nõus,,Üldse ei nõustu,,183.44,,No,5,0.0,-4.0,-5.0,-5.0,-5.0,-2.0,-4.0,0.0,"Haabersti, Põhja-Tallinn ja Kristiine",0,4,0.3333333333333333,4,Cluster 2
1509,401.0,2021-05-27 13:43:00,Eesti / На эстонском,59.0,Naine,55-64,WISE,Eestlane,Eestlane,Põlvamaa,Lõuna-Eesti,Põlva vald,"Mammaste küla, Põlva linn (VL)",,Väikelinn,Keskharidus,Jah,Pigem nõus,Täiesti nõus,Ei oska öelda,Üldse ei nõustu,Ei oska öelda,Täiesti nõus,Täiesti nõus,Pigem ei ole nõus,Üldse ei nõustu,Ei oska öelda,Pigem usaldan,Pigem usaldan,Pigem ei usalda,Keskerakond,Jah,3 või rohkem last,Juht,1001-1500 €,1.2000778991231427,2,,,,,,,,,,,,,,,,,,"Võru-, Valga- ja Põlvamaa",3,6,0.6666666666666666,5,Cluster 2
23084,121.0,2022-12-02 12:52:00,Eesti,72.0,Naine,65-74,Cati,Eestlane,Eestlane,Jõgevamaa,Kesk-Eesti,Põltsamaa vald (M),,,Maa,Keskharidus,Jah,Täiesti nõus,Pigem nõus,Pigem nõus,Pigem ei ole nõus,Täiesti nõus,Pigem nõus,Täiesti nõus,Pigem ei ole nõus,Üldse ei nõustu,Täiesti nõus,Usaldan täiesti,Pigem usaldan,Pigem usaldan,Reformierakond,Ei,2 last,Pensionär,501-1000 €,0.7682311727350848,20,Täiesti nõus,Pigem nõus,,Täiesti nõus,,595.57,,,3,2.0,-5.0,1.0,0.0,0.0,1.0,0.0,0.0,Jõgeva- ja Tartumaa,0,7,0.5833333333333334,4,Cluster 1
16677,1207.0,2022-06-16 14:32:00,,28.0,Mees,25-34,Cati,Eestlane,Eestlane,Tallinn,Tallinn,Tallinn (L),,Lasnamäe,Tallinn,Keskharidus,Jah,Pigem nõus,Täiesti nõus,Täiesti nõus,Täiesti nõus,Pigem nõus,Täiesti nõus,Täiesti nõus,Üldse ei nõustu,Täiesti nõus,Täiesti nõus,Üldse ei usalda,Üldse ei usalda,Üldse ei usalda,Mitte ükski erakond,Ei,Ei ole lapsi,Tööline,1001-1500 €,1.005051920675765,14,Pigem nõus,Pigem ei ole nõus,,Üldse ei nõustu,,299.71,Üldse ei nõustu,,,,,,,,,,,"Kesklinn, Lasnamäe ja Pirita",0,9,0.75,4,Cluster 2
3795,331.0,2021-07-21 12:15:00,Eesti / На эстонском,36.0,Naine,35-44,Cati,Eestlane,Eestlane,Tallinn,Tallinn,Tallinn (L),,Lasnamäe,Tallinn,Keskharidus,Jah,Täiesti nõus,Pigem ei ole nõus,Pigem ei ole nõus,Pigem ei ole nõus,Pigem nõus,Täiesti nõus,Täiesti nõus,Täiesti nõus,Üldse ei nõustu,Pigem nõus,Pigem usaldan,Pigem usaldan,Ei oska öelda,Rohelised,Jah,Ei ole lapsi,Tööline,1001-1500 €,0.7819551305023265,4,Ei oska öelda,,,,,,,,,,,,,,,,,"Kesklinn, Lasnamäe ja Pirita",1,5,0.45454545454545453,5,Cluster 0
24365,177.0,2023-01-04 18:05:24,Eesti / На эстонском,40.0,Mees,35-44,Cati,Eestlane,Eestlane,Raplamaa,Kesk-Eesti,Rapla vald,"Rapla linn, Sulupere küla, Uusküla (VL)",,Väikelinn,Keskharidus,Jah,Pigem nõus,Täiesti nõus,Täiesti nõus,Pigem nõus,Täiesti nõus,Pigem ei ole nõus,Pigem ei ole nõus,Üldse ei nõustu,Üldse ei nõustu,Pigem nõus,Pigem usaldan,Pigem usaldan,Pigem usaldan,EKRE,Jah,2 last,Ettevõtja või füüsilisest isikust ettevõtja (FIE),501-1000 €,1.1157868359773842,21,Täiesti nõus,Pigem ei ole nõus,,Pigem nõus,,490.04,,,3,0.0,3.0,2.0,1.0,0.0,0.0,2.0,0.0,Harju- ja Raplamaa,0,6,0.5,4,Cluster 1
14136,924.0,2022-04-06 13:53:16,Eesti / ?? ?????????,42.0,Naine,35-44,WISE,Venelane,Muu,Ida-Virumaa,Ida-Virumaa,Kohtla-Järve linn,"Ahtme linnaosa, Järve linnaosa (L)",,Linn,Kõrgharidus,Jah,Pigem nõus,Pigem nõus,Täiesti nõus,Pigem nõus,Üldse ei nõustu,Üldse ei nõustu,Täiesti nõus,Üldse ei nõustu,Täiesti nõus,Pigem nõus,Pigem ei usalda,Pigem ei usalda,Üldse ei usalda,SDE,Jah,3 või rohkem last,Spetsialist,1501-2000 €,0.843314984377653,12,Pigem nõus,Pigem nõus,2022-04-06 13:44:48,Pigem nõus,,507.08,Pigem ei ole nõus,No,,,,,,,,,,Ida-Virumaa,0,6,0.5,3,Cluster 2
18969,1338.0,2022-08-23 09:41:00,,35.0,Mees,35-44,WISE,Venelane,Muu,Harjumaa,Põhja-Eesti,Maardu linn (L),,,Linn,Keskharidus,Ei,Üldse ei nõustu,Täiesti nõus,Täiesti nõus,Pigem ei ole nõus,Täiesti nõus,Üldse ei nõustu,Pigem nõus,Pigem nõus,Pigem ei ole nõus,Täiesti nõus,Pigem usaldan,Pigem usaldan,Ei oska öelda,EKRE,Ei soovi avaldada,Ei ole lapsi,Ettevõtja või füüsilisest isikust ettevõtja (FIE),1501-2000 €,1.1154777772532343,16,Üldse ei nõustu,Üldse ei nõustu,,Täiesti nõus,,460.67,Ei oska öelda,,,,,,,,,,,Harju- ja Raplamaa,0,9,0.75,4,Cluster 0
8120,934.0,2021-11-24 14:41:00,Eesti / ?? ?????????,47.0,Naine,45-54,WISE,Eestlane,Eestlane,Viljandimaa,Kesk-Eesti,Viljandi vald,Muu alevik või küla (M),,Maa,Kõrgharidus,Jah,Täiesti nõus,Pigem nõus,Pigem nõus,Pigem ei ole nõus,Pigem nõus,Pigem nõus,Üldse ei nõustu,Pigem nõus,Üldse ei nõustu,Pigem ei ole nõus,Pigem usaldan,Pigem ei usalda,Üldse ei usalda,Mitte ükski erakond,Jah,3 või rohkem last,Spetsialist,1001-1500 €,0.5516378435056118,7,Pigem ei ole nõus,Täiesti nõus,,,,,,,,,,,,,,,,Järva- ja Viljandimaa,0,4,0.3333333333333333,4,Cluster 0
25423,51.0,2023-02-01 12:39:00,Eesti / На эстонском,49.0,Naine,45-54,Cati,Eestlane,Eestlane,Raplamaa,Kesk-Eesti,Rapla vald,"Rapla linn, Sulupere küla, Uusküla (VL)",,Väikelinn,Kõrgharidus,Jah,Täiesti nõus,Pigem nõus,Täiesti nõus,Pigem ei ole nõus,Täiesti nõus,Täiesti nõus,Pigem ei ole nõus,Täiesti nõus,Üldse ei nõustu,Pigem nõus,Pigem usaldan,Pigem usaldan,Pigem usaldan,Reformierakond,Jah,1 laps,Spetsialist,1001-1500 €,0.7261634298933164,22,Pigem ei ole nõus,Täiesti nõus,,Pigem nõus,,394.9,,,3,-1.0,-5.0,3.0,0.0,2.0,0.0,0.0,0.0,Harju- ja Raplamaa,0,7,0.5833333333333334,4,Cluster 4
25725,459.0,2023-02-03 13:09:00,Eesti / На эстонском,45.0,Naine,45-54,Cati,Eestlane,Eestlane,Tallinn,Tallinn,Tallinn (L),,Nõmme,Tallinn,Keskharidus,Jah,Üldse ei nõustu,Täiesti nõus,Täiesti nõus,Pigem ei ole nõus,Täiesti nõus,Pigem ei ole nõus,Pigem nõus,Pigem ei ole nõus,Üldse ei nõustu,Täiesti nõus,Üldse ei usalda,Üldse ei usalda,Üldse ei usalda,Mitte ükski erakond,Ei,2 last,Tööline,1001-1500 €,1.0985837836659047,22,Täiesti nõus,Üldse ei nõustu,,Pigem ei ole nõus,,497.8,,,3,-2.0,-3.0,-5.0,0.0,0.0,0.0,2.0,1.0,Mustamäe ja Nõmme,0,8,0.6666666666666666,4,Cluster 3
11306,386.0,2022-02-03 11:59:00,Vene / ?? ???????,64.0,Mees,55-64,WISE,Muu,Muu,Tallinn,Tallinn,Tallinn (L),,Kristiine,Tallinn,Keskharidus,Jah,Täiesti nõus,Täiesti nõus,Täiesti nõus,Täiesti nõus,Pigem ei ole nõus,Täiesti nõus,Täiesti nõus,Üldse ei nõustu,Üldse ei nõustu,Üldse ei nõustu,Üldse ei usalda,Üldse ei usalda,Üldse ei usalda,Keskerakond,Jah,Ei ole lapsi,Tööline,Ei soovi avaldada,1.0373004602702853,10,Täiesti nõus,Üldse ei nõustu,,,,,,,,,,,,,,,,"Haabersti, Põhja-Tallinn ja Kristiine",0,11,0.9166666666666666,3,Cluster 2
5688,1318.0,2021-09-24 10:38:00,Eesti / ?? ?????????,70.0,Naine,65-74,WISE,Eestlane,Eestlane,Harjumaa,Põhja-Eesti,Viimsi vald,Muu küla (M),,Maa,Keskharidus,Jah,Pigem ei ole nõus,Täiesti nõus,Täiesti nõus,Täiesti nõus,Täiesti nõus,Pigem nõus,Ei oska öelda,Üldse ei nõustu,Pigem nõus,Täiesti nõus,Üldse ei usalda,Pigem ei usalda,Üldse ei usalda,Ei oska öelda,Ei soovi avaldada,2 last,Pensionär,501-1000 €,0.6719509650017732,5,Pigem ei ole nõus,Üldse ei nõustu,,,,,,,,,,,,,,,,Harju- ja Raplamaa,1,7,0.6363636363636364,5,Cluster 3
26085,877.0,2023-02-06 16:41:00,Eesti / На эстонском,51.0,Naine,45-54,Cati,Eestlane,Eestlane,Tallinn,Tallinn,Tallinn (L),,Nõmme,Tallinn,Keskharidus,Jah,Pigem ei ole nõus,Pigem nõus,Pigem nõus,Pigem nõus,Täiesti nõus,Pigem ei ole nõus,Täiesti nõus,Pigem ei ole nõus,Pigem ei ole nõus,Pigem nõus,Pigem ei usalda,Pigem ei usalda,Üldse ei usalda,Reformierakond,Jah,3 või rohkem last,Tööline,501-1000 €,1.0985837836659047,22,Ei oska öelda,Pigem ei ole nõus,,Pigem nõus,,579.93,,,3,0.0,0.0,3.0,2.0,0.0,0.0,0.0,-2.0,Mustamäe ja Nõmme,1,2,0.18181818181818182,4,Cluster 3
3856,410.0,2021-07-21 14:57:00,Eesti / На эстонском,42.0,Mees,35-44,Cati,Eestlane,Eestlane,Harjumaa,Põhja-Eesti,Rae vald,"Aaviku küla, Assaku alevik, Järveküla, Jüri alevik, Karla küla, Kopli küla, Lagedi alevik, Pajupea küla, Peetri a",,Väikelinn,Keskharidus,Jah,Täiesti nõus,Üldse ei nõustu,Üldse ei nõustu,Üldse ei nõustu,Täiesti nõus,Üldse ei nõustu,Täiesti nõus,Ei oska öelda,Pigem nõus,Ei oska öelda,Usaldan täiesti,Usaldan täiesti,Usaldan täiesti,Mitte ükski erakond,Jah,3 või rohkem last,Tööline,1001-1500 €,0.9222422920566474,4,Pigem nõus,,,,,,,,,,,,,,,,,Harju- ja Raplamaa,2,8,0.8,4,Cluster 4
19537,173.0,2022-09-05 16:54:00,,67.0,Naine,65-74,WISE,Eestlane,Eestlane,Lääne-Virumaa,Põhja-Eesti,Tapa vald,Muu alevik või küla (M),,Maa,Keskharidus,Jah,Täiesti nõus,Üldse ei nõustu,Pigem ei ole nõus,Täiesti nõus,Täiesti nõus,Ei oska öelda,Täiesti nõus,Täiesti nõus,Üldse ei nõustu,Täiesti nõus,Pigem usaldan,Pigem ei usalda,Pigem ei usalda,SDE,Jah,2 last,Pensionär,Ei soovi avaldada,0.9616174865102456,17,Pigem nõus,Pigem nõus,,Täiesti nõus,,514.2,,,4,0.0,-0.2,0.0,-0.06666666666666667,0.0,0.0,0.0,0.0,Lääne-Virumaa,1,9,0.8181818181818182,5,Cluster 4
11588,723.0,2022-02-04 11:18:00,Eesti / ?? ?????????,30.0,Naine,25-34,WISE,Eestlane,Eestlane,Viljandimaa,Kesk-Eesti,Viljandi vald,Muu alevik või küla (M),,Maa,Keskharidus,Jah,Pigem nõus,Täiesti nõus,Pigem nõus,Ei oska öelda,Täiesti nõus,Pigem nõus,Ei oska öelda,Üldse ei nõustu,Täiesti nõus,Pigem ei ole nõus,Pigem usaldan,Pigem usaldan,Pigem usaldan,EKRE,Jah,3 või rohkem last,Tööline,501-1000 €,1.018696737566185,10,Täiesti nõus,Täiesti nõus,,,,,,,,,,,,,,,,Järva- ja Viljandimaa,2,6,0.6,5,Cluster 1
8071,878.0,2021-11-24 12:18:00,Eesti / ?? ?????????,60.0,Naine,55-64,Cati,Eestlane,Eestlane,Pärnumaa,Lääne-Eesti,Lääneranna vald (M),,,Maa,Keskharidus,Jah,Pigem nõus,Pigem nõus,Pigem nõus,Pigem nõus,Ei oska öelda,Pigem nõus,Pigem ei ole nõus,Pigem nõus,Üldse ei nõustu,Täiesti nõus,Pigem usaldan,Pigem usaldan,Pigem usaldan,Eesti 200,Jah,3 või rohkem last,Pensionär,501-1000 €,0.7961328407913361,7,Pigem nõus,Täiesti nõus,,,,,,,,,,,,,,,,Pärnumaa,1,3,0.2727272727272727,5,Cluster 1
8664,75.0,2021-12-16 10:01:00,,38.0,Mees,35-44,WISE,Eestlane,Eestlane,Tallinn,Tallinn,Tallinn (L),,Kesklinn,Tallinn,Kõrgharidus,Jah,Pigem nõus,Pigem ei ole nõus,Pigem ei ole nõus,Pigem nõus,Pigem nõus,Täiesti nõus,Pigem ei ole nõus,Pigem ei ole nõus,Üldse ei nõustu,Pigem nõus,Pigem usaldan,Pigem usaldan,Pigem ei usalda,Ei oska öelda,Ei,2 last,Spetsialist,Üle 2000 €,0.8481427036501031,8,Üldse ei nõustu,Pigem nõus,,,,,,,,,,,,,,,,"Kesklinn, Lasnamäe ja Pirita",0,3,0.25,4,Cluster 4
1012,792.0,2021-04-20 13:34:00,Eesti / На эстонском,28.0,Mees,25-34,Cati,Eestlane,Eestlane,Tartumaa,Tartumaa,Tartu linn,Tartu linn (L),,Linn,Kõrgharidus,Jah,Täiesti nõus,Pigem ei ole nõus,Ei oska öelda,Üldse ei nõustu,Pigem ei ole nõus,Täiesti nõus,Pigem ei ole nõus,Täiesti nõus,Üldse ei nõustu,Täiesti nõus,Pigem usaldan,Pigem usaldan,Pigem ei usalda,SDE,Jah,Ei ole lapsi,Spetsialist,Üle 2000 €,0.8600696346974573,1,,,,,,,,,,,,,,,,,,Tartu linn,1,7,0.6363636363636364,4,Cluster 0
19072,1739.0,2022-08-24 13:03:00,,68.0,Naine,65-74,WISE,Eestlane,Eestlane,Saaremaa,Lääne-Eesti,Saaremaa vald,Kuressaare linn (L),,Linn,Keskharidus,Jah,Täiesti nõus,Pigem nõus,Täiesti nõus,Täiesti nõus,Täiesti nõus,Pigem nõus,Pigem nõus,Pigem ei ole nõus,Üldse ei nõustu,Pigem nõus,Pigem usaldan,Pigem usaldan,Pigem usaldan,Ei oska öelda,Jah,2 last,Pensionär,501-1000 €,0.9340791115016246,16,Täiesti nõus,Pigem ei ole nõus,,Täiesti nõus,,373.88,Pigem ei ole nõus,,,,,,,,,,,"Hiiu-, Lääne- ja Saaremaa",0,7,0.5833333333333334,4,Cluster 1
12330,166.0,2022-03-02 13:32:00,Eesti / ?? ?????????,67.0,Naine,65-74,Cati,Eestlane,Eestlane,Tallinn,Tallinn,Tallinn (L),,Pirita,Tallinn,Keskharidus,Jah,Täiesti nõus,Pigem ei ole nõus,Pigem ei ole nõus,Pigem nõus,Pigem ei ole nõus,Täiesti nõus,Täiesti nõus,Täiesti nõus,Üldse ei nõustu,Pigem nõus,Pigem usaldan,Pigem usaldan,Pigem usaldan,Ei oska öelda,Jah,2 last,Spetsialist,501-1000 €,0.627290949446863,11,Täiesti nõus,Täiesti nõus,2022-03-02 13:27:00,Täiesti nõus,Täiesti nõus,,,,,,,,,,,,,"Kesklinn, Lasnamäe ja Pirita",0,9,0.75,4,Cluster 4
8789,266.0,2021-12-20 15:35:00,,47.0,Mees,45-54,Cati,Eestlane,Eestlane,Tartumaa,Tartumaa,Tartu linn,Tartu linn (L),,Linn,Keskharidus,Jah,Pigem nõus,Üldse ei nõustu,Ei oska öelda,Täiesti nõus,Pigem nõus,Üldse ei nõustu,Ei oska öelda,Täiesti nõus,Pigem ei ole nõus,Täiesti nõus,Ei oska öelda,Pigem ei usalda,Pigem usaldan,Ei oska öelda,Jah,3 või rohkem last,Kodune või mittetöötav,1001-1500 €,0.8376008362598285,8,Pigem ei ole nõus,Pigem nõus,,,,,,,,,,,,,,,,Tartu linn,2,5,0.5,5,Cluster 0
63,211.0,2021-04-08 10:49:00,Eesti / На эстонском,38.0,Mees,35-44,Cati,Eestlane,Eestlane,Tallinn,Tallinn,Tallinn (L),,Kristiine,Tallinn,Keskharidus,Jah,Pigem nõus,Pigem ei ole nõus,Pigem ei ole nõus,Pigem nõus,Täiesti nõus,Pigem ei ole nõus,Pigem ei ole nõus,Üldse ei nõustu,Pigem ei ole nõus,Pigem ei ole nõus,Üldse ei usalda,Pigem ei usalda,Pigem ei usalda,Mitte ükski erakond,Jah,3 või rohkem last,Ettevõtja või füüsilisest isikust ettevõtja (FIE),Ei soovi avaldada,0.9376268464976989,1,,,,,,,,,,,,,,,,,,"Haabersti, Põhja-Tallinn ja Kristiine",0,2,0.16666666666666666,4,Cluster 2
9549,2279.0,2021-12-29 10:52:00,,33.0,Mees,25-34,Web,Venelane,Muu,Tallinn,Tallinn,Tallinn (L),,Lasnamäe,Tallinn,Keskharidus,Jah,Pigem nõus,Täiesti nõus,Täiesti nõus,Pigem nõus,Üldse ei nõustu,Pigem nõus,Pigem nõus,Pigem ei ole nõus,Pigem ei ole nõus,Pigem nõus,Pigem usaldan,Pigem usaldan,Pigem ei usalda,Keskerakond,Jah,2 last,Spetsialist,1001-1500 €,1.1734894432470786,8,Pigem nõus,Täiesti nõus,,,,,,,,,,,,,,,,"Kesklinn, Lasnamäe ja Pirita",0,4,0.3333333333333333,4,Cluster 2
26326,1180.0,2023-02-09 09:27:00,Eesti / На эстонском,57.0,Naine,55-64,Web,Eestlane,Eestlane,Tartumaa,Tartumaa,Tartu linn,Tartu linn (L),,Linn,Keskharidus,Jah,Pigem ei ole nõus,Pigem nõus,Täiesti nõus,Täiesti nõus,Täiesti nõus,Pigem ei ole nõus,Täiesti nõus,Pigem ei ole nõus,Üldse ei nõustu,Pigem nõus,Pigem ei usalda,Pigem ei usalda,Üldse ei usalda,EKRE,Jah,2 last,Tööline,1501-2000 €,1.1136366281423145,22,Pigem nõus,Üldse ei nõustu,,Täiesti nõus,,263.14,,No,3,0.0,5.0,-4.0,0.0,-2.0,-2.0,-2.0,-2.0,Tartu linn,0,7,0.5833333333333334,4,Cluster 3
21944,250.0,2022-11-14 13:00:00,Eesti,79.0,Mees,75+,Cati,Eestlane,Eestlane,Tartumaa,Tartumaa,Tartu linn,Tartu linn (L),,Linn,Kõrgharidus,Jah,Ei oska öelda,Täiesti nõus,Täiesti nõus,Täiesti nõus,Täiesti nõus,Ei oska öelda,Täiesti nõus,Ei oska öelda,Ei oska öelda,Täiesti nõus,Üldse ei usalda,Üldse ei usalda,Usaldan täiesti,Eesti 200,Jah,2 last,Pensionär,501-1000 €,0.7396446703389096,19,Täiesti nõus,Ei oska öelda,,Pigem nõus,,524.54,,,3,-4.0,-5.0,-1.0,-1.0,-3.0,-5.0,2.0,-2.0,Tartu linn,5,7,1.0,3,Cluster 3
21025,806.0,2022-10-24 12:28:00,Eesti / ?? ?????????,68.0,Mees,65-74,WISE,Eestlane,Eestlane,Põlvamaa,Lõuna-Eesti,Räpina vald (M),,,Maa,Keskharidus,Jah,Pigem nõus,Täiesti nõus,Täiesti nõus,Täiesti nõus,Täiesti nõus,Täiesti nõus,Täiesti nõus,Täiesti nõus,Üldse ei nõustu,Täiesti nõus,Pigem usaldan,Pigem usaldan,Usaldan täiesti,Mitte ükski erakond,Ei,3 või rohkem last,Kodune või mittetöötav,Kuni 500 €,0.9637822572330006,18,Täiesti nõus,Täiesti nõus,,Täiesti nõus,,363.9,,,4,0.0,3.0,-1.0,-2.0,-2.0,-2.0,0.0,0.0,"Võru-, Valga- ja Põlvamaa",0,12,1.0,3,Cluster 1
11391,486.0,2022-02-03 15:04:00,Vene / ?? ???????,66.0,Naine,65-74,WISE,Venelane,Muu,Tallinn,Tallinn,Tallinn (L),,Lasnamäe,Tallinn,Kõrgharidus,Ei,Pigem ei ole nõus,Pigem nõus,Täiesti nõus,Üldse ei nõustu,Üldse ei nõustu,Pigem nõus,Täiesti nõus,Pigem nõus,Üldse ei nõustu,Täiesti nõus,Pigem ei usalda,Pigem ei usalda,Üldse ei usalda,Keskerakond,Jah,2 last,Juht,501-1000 €,0.9716690435781098,10,Täiesti nõus,Pigem nõus,,,,,,,,,,,,,,,,"Kesklinn, Lasnamäe ja Pirita",0,7,0.5833333333333334,4,Cluster 2
26069,861.0,2023-02-06 16:15:00,Eesti / На эстонском,52.0,Naine,45-54,Cati,Eestlane,Eestlane,Tallinn,Tallinn,Tallinn (L),,Nõmme,Tallinn,Kõrgharidus,Jah,Täiesti nõus,Pigem nõus,Pigem nõus,Pigem nõus,Täiesti nõus,Täiesti nõus,Pigem ei ole nõus,Täiesti nõus,Üldse ei nõustu,Täiesti nõus,Pigem usaldan,Pigem usaldan,Pigem usaldan,Reformierakond,Jah,2 last,Tööline,Üle 2000 €,0.7748090455240871,22,Üldse ei nõustu,Üldse ei nõustu,,Täiesti nõus,,547.66,,,3,-5.0,-5.0,3.0,-5.0,-5.0,-3.0,-2.0,-3.0,Mustamäe ja Nõmme,0,9,0.75,4,Cluster 4
9888,141.0,2022-01-07 10:19:00,,72.0,Naine,65-74,Cati,Eestlane,Eestlane,Võrumaa,Lõuna-Eesti,Võru vald,Muu alevik või küla (M),,Maa,Põhiharidus,Jah,Pigem nõus,Pigem nõus,Pigem nõus,Pigem nõus,Ei oska öelda,Pigem nõus,Pigem nõus,Pigem nõus,Pigem ei ole nõus,Pigem nõus,Pigem ei usalda,Pigem ei usalda,Pigem ei usalda,Keskerakond,Jah,2 last,Pensionär,Kuni 500 €,1.6154783396250196,9,Pigem nõus,Täiesti nõus,,,,,,,,,,,,,,,,"Võru-, Valga- ja Põlvamaa",1,1,0.09090909090909091,4,Cluster 2
10276,934.0,2022-01-17 12:49:00,,23.0,Mees,16-24,WISE,Eestlane,Eestlane,Tallinn,Tallinn,Tallinn (L),,Mustamäe,Tallinn,Keskharidus,Jah,Täiesti nõus,Pigem nõus,Pigem nõus,Pigem ei ole nõus,Pigem nõus,Täiesti nõus,Täiesti nõus,Täiesti nõus,Üldse ei nõustu,Täiesti nõus,Ei oska öelda,Pigem usaldan,Pigem usaldan,Ei oska öelda,Jah,Ei ole lapsi,Spetsialist,Üle 2000 €,0.9284785953498272,9,Täiesti nõus,Pigem ei ole nõus,,,,,,,,,,,,,,,,Mustamäe ja Nõmme,0,7,0.5833333333333334,4,Cluster 0
1399,264.0,2021-05-26 15:06:00,Eesti / На эстонском,52.0,Naine,45-54,Cati,Eestlane,Eestlane,Tartumaa,Tartumaa,Tartu linn,Tartu linn (L),,Linn,Kõrgharidus,Jah,Pigem nõus,Pigem ei ole nõus,Pigem nõus,Pigem nõus,Pigem nõus,Pigem nõus,Täiesti nõus,Pigem nõus,Pigem ei ole nõus,Pigem nõus,Pigem usaldan,Pigem usaldan,Pigem ei usalda,Eesti 200,Jah,3 või rohkem last,Tööline,501-1000 €,0.5001424616649626,2,,,,,,,,,,,,,,,,,,Tartu linn,1,1,0.09090909090909091,4,Cluster 0
16103,404.0,2022-06-09 14:01:00,,36.0,Mees,35-44,Cati,Muu,Muu,Tallinn,Tallinn,Tallinn (L),,Lasnamäe,Tallinn,Kõrgharidus,Ei,Pigem nõus,Täiesti nõus,Täiesti nõus,Üldse ei nõustu,Pigem nõus,Täiesti nõus,Pigem nõus,Pigem nõus,Üldse ei nõustu,Üldse ei nõustu,Pigem ei usalda,Pigem ei usalda,Pigem ei usalda,SDE,Ei,2 last,Juht,Üle 2000 €,0.9949353390212937,14,Pigem ei ole nõus,Pigem ei ole nõus,,Üldse ei nõustu,,292.22,Pigem nõus,,,,,,,,,,,"Kesklinn, Lasnamäe ja Pirita",0,7,0.5833333333333334,4,Cluster 0
7724,425.0,2021-11-20 14:09:00,Eesti / ?? ?????????,33.0,Naine,25-34,Cati,Eestlane,Eestlane,Pärnumaa,Lääne-Eesti,Pärnu linn,Pärnu linn (L),,Linn,Kõrgharidus,Jah,Täiesti nõus,Pigem ei ole nõus,Pigem nõus,Pigem nõus,Täiesti nõus,Täiesti nõus,Täiesti nõus,Pigem nõus,Üldse ei nõustu,Täiesti nõus,Pigem usaldan,Pigem usaldan,Pigem ei usalda,Isamaa,Jah,2 last,Spetsialist,1001-1500 €,0.8367696913901922,7,Pigem ei ole nõus,Täiesti nõus,,,,,,,,,,,,,,,,Pärnumaa,0,7,0.5833333333333334,4,Cluster 0
26537,1732.0,2023-02-15 16:08:00,Vene / На русском,62.0,Naine,55-64,Web,Venelane,Muu,Raplamaa,Kesk-Eesti,Kehtna vald (M),,,Maa,Keskharidus,Jah,Ei oska öelda,Ei oska öelda,Ei oska öelda,Ei oska öelda,Ei oska öelda,Ei oska öelda,Ei oska öelda,Ei oska öelda,Ei oska öelda,Ei oska öelda,Pigem usaldan,Pigem usaldan,Üldse ei usalda,Keskerakond,Jah,3 või rohkem last,Pensionär,501-1000 €,1.029573130143711,22,Ei oska öelda,Ei oska öelda,,Ei oska öelda,,129.96,,No,3,5.0,2.0,-4.0,1.0,3.0,4.0,0.0,0.0,Harju- ja Raplamaa,13,0,-0.0,1,Cluster 0
21313,1136.0,2022-10-25 16:53:00,Vene / ?? ???????,84.0,Naine,75+,WISE,Venelane,Muu,Tallinn,Tallinn,Tallinn (L),,Mustamäe,Tallinn,Põhiharidus,Jah,Ei oska öelda,Ei oska öelda,Pigem ei ole nõus,Pigem ei ole nõus,Pigem nõus,Pigem nõus,Täiesti nõus,Üldse ei nõustu,Ei oska öelda,Täiesti nõus,Pigem usaldan,Pigem usaldan,Pigem ei usalda,Keskerakond,Jah,2 last,Pensionär,501-1000 €,2.0724648067549833,18,Täiesti nõus,Täiesti nõus,,Pigem ei ole nõus,,876.39,,,5,0.0,0.0,0.0,0.0,0.0,0.0,0.0,0.0,Mustamäe ja Nõmme,3,5,0.5555555555555556,5,Cluster 1
24417,265.0,2023-01-05 10:49:18,Eesti / На эстонском,50.0,Mees,45-54,Cati,Eestlane,Eestlane,Saaremaa,Lääne-Eesti,Saaremaa vald,Muu alevik või küla (M),,Maa,Keskharidus,Jah,Täiesti nõus,Pigem ei ole nõus,Täiesti nõus,Pigem nõus,Täiesti nõus,Täiesti nõus,Pigem nõus,Täiesti nõus,Üldse ei nõustu,Täiesti nõus,Pigem usaldan,Usaldan täiesti,Pigem ei usalda,Eesti 200,Jah,Ei ole lapsi,Tööline,501-1000 €,0.8587451791728673,21,Täiesti nõus,Üldse ei nõustu,,Täiesti nõus,,533.58,,,4,0.0,0.0,0.0,0.0,0.0,0.0,1.0,0.0,"Hiiu-, Lääne- ja Saaremaa",0,10,0.8333333333333334,4,Cluster 4
12360,198.0,2022-03-02 14:22:00,Eesti / ?? ?????????,53.0,Naine,45-54,WISE,Eestlane,Eestlane,Tallinn,Tallinn,Tallinn (L),,Kristiine,Tallinn,Keskharidus,Jah,Täiesti nõus,Pigem ei ole nõus,Pigem ei ole nõus,Üldse ei nõustu,Pigem nõus,Täiesti nõus,Täiesti nõus,Täiesti nõus,Üldse ei nõustu,Pigem nõus,Pigem usaldan,Pigem ei usalda,Pigem usaldan,Rohelised,Jah,1 laps,Juht,1001-1500 €,0.5594886541842979,11,Pigem nõus,Täiesti nõus,2022-03-02 14:16:00,Pigem nõus,Täiesti nõus,,,,,,,,,,,,,"Haabersti, Põhja-Tallinn ja Kristiine",0,8,0.6666666666666666,4,Cluster 4
2207,1564.0,2021-06-01 11:51:00,Eesti / На эстонском,65.0,Mees,65-74,Cati,Eestlane,Eestlane,Võrumaa,Lõuna-Eesti,Võru linn (L),,,Linn,Keskharidus,Jah,Pigem nõus,Täiesti nõus,Täiesti nõus,Pigem ei ole nõus,Täiesti nõus,Täiesti nõus,Täiesti nõus,Täiesti nõus,Pigem ei ole nõus,Pigem ei ole nõus,Pigem ei usalda,Pigem ei usalda,Pigem usaldan,Mitte ükski erakond,Jah,1 laps,Pensionär,501-1000 €,0.9526721311405074,2,,,,,,,,,,,,,,,,,,"Võru-, Valga- ja Põlvamaa",1,6,0.5454545454545454,4,Cluster 0
18061,1523.0,2022-07-19 08:37:00,,40.0,Mees,35-44,Web,Venelane,Muu,Ida-Virumaa,Ida-Virumaa,Narva linn (L),,,Linn,Kõrgharidus,Ei,Pigem nõus,Pigem ei ole nõus,Ei oska öelda,Pigem nõus,Üldse ei nõustu,Täiesti nõus,Pigem nõus,Pigem ei ole nõus,Pigem ei ole nõus,Ei oska öelda,Pigem ei usalda,Pigem ei usalda,Pigem ei usalda,Mitte ükski erakond,Ei,2 last,Spetsialist,Ei soovi avaldada,0.8627565778550413,15,Pigem nõus,Pigem nõus,2022-07-19 08:34:00,Pigem ei ole nõus,,177.22,Pigem ei ole nõus,No,,,,,,,,,,Ida-Virumaa,2,2,0.2,5,Cluster 2
21648,1507.0,2022-10-27 17:42:00,Eesti / ?? ?????????,31.0,Naine,25-34,Web,Eestlane,Eestlane,Tallinn,Tallinn,Tallinn (L),,Põhja-Tallinn,Tallinn,Kõrgharidus,Jah,Pigem nõus,Pigem nõus,Pigem ei ole nõus,Pigem nõus,Täiesti nõus,Täiesti nõus,Ei oska öelda,Täiesti nõus,Pigem ei ole nõus,Pigem ei ole nõus,Pigem usaldan,Pigem usaldan,Pigem usaldan,Isamaa,Jah,Ei ole lapsi,Spetsialist,1501-2000 €,0.8366189192515474,18,Pigem nõus,Täiesti nõus,,Täiesti nõus,,645.68,,No,3,-1.6666666666666665,-3.333333333333333,0.0,5.0,1.6666666666666665,0.0,-1.6666666666666665,0.0,"Haabersti, Põhja-Tallinn ja Kristiine",1,5,0.45454545454545453,4,Cluster 4
11514,627.0,2022-02-03 19:25:00,Eesti / ?? ?????????,58.0,Naine,55-64,WISE,Eestlane,Eestlane,Saaremaa,Lääne-Eesti,Saaremaa vald,Muu alevik või küla (M),,Maa,Keskharidus,Jah,Pigem ei ole nõus,Täiesti nõus,Pigem ei ole nõus,Täiesti nõus,Täiesti nõus,Pigem nõus,Täiesti nõus,Üldse ei nõustu,Üldse ei nõustu,Täiesti nõus,Pigem usaldan,Pigem usaldan,Pigem usaldan,Mitte ükski erakond,Jah,2 last,Spetsialist,501-1000 €,1.111523040704734,10,Täiesti nõus,Üldse ei nõustu,,,,,,,,,,,,,,,,"Hiiu-, Lääne- ja Saaremaa",0,9,0.75,4,Cluster 2
443,75.0,2021-04-06 10:42:00,Eesti / На эстонском,31.0,Naine,25-34,Cati,Eestlane,Eestlane,Harjumaa,Põhja-Eesti,Saue vald,Laagri alevik (L),,Linn,Kõrgharidus,Jah,Pigem nõus,Pigem ei ole nõus,Pigem ei ole nõus,Pigem ei ole nõus,Täiesti nõus,Täiesti nõus,Täiesti nõus,Täiesti nõus,Üldse ei nõustu,Täiesti nõus,Pigem ei usalda,Pigem ei usalda,Pigem usaldan,Reformierakond,Jah,1 laps,Spetsialist,1001-1500 €,0.8614352241319221,1,,,,,,,,,,,,,,,,,,Harju- ja Raplamaa,0,7,0.5833333333333334,4,Cluster 0
19744,426.0,2022-09-06 14:59:00,,42.0,Mees,35-44,Cati,Eestlane,Eestlane,Tallinn,Tallinn,Tallinn (L),,Pirita,Tallinn,Kõrgharidus,Jah,Pigem nõus,Pigem nõus,Üldse ei nõustu,Üldse ei nõustu,Pigem ei ole nõus,Ei oska öelda,Ei oska öelda,Pigem ei ole nõus,Ei oska öelda,Üldse ei nõustu,Pigem usaldan,Pigem usaldan,Ei oska öelda,Keskerakond,Jah,1 laps,Ettevõtja või füüsilisest isikust ettevõtja (FIE),Üle 2000 €,0.7394989318393123,17,Täiesti nõus,Pigem nõus,,Täiesti nõus,,641.53,,,3,0.13333333333333333,0.0,-0.2,-0.2,0.0,0.0,0.0,0.06666666666666667,"Kesklinn, Lasnamäe ja Pirita",3,5,0.5555555555555556,5,Cluster 4
8313,1415.0,2021-11-29 18:50:00,Eesti / ?? ?????????,40.0,Mees,35-44,Web,Eestlane,Eestlane,Raplamaa,Kesk-Eesti,Kohila vald (M),,,Maa,Keskharidus,Jah,Täiesti nõus,Pigem nõus,Pigem ei ole nõus,Pigem ei ole nõus,Täiesti nõus,Pigem nõus,Pigem ei ole nõus,Täiesti nõus,Üldse ei nõustu,Pigem nõus,Pigem usaldan,Pigem usaldan,Pigem usaldan,Reformierakond,Jah,3 või rohkem last,Spetsialist,Üle 2000 €,1.2991630793813755,7,Üldse ei nõustu,Täiesti nõus,,,,,,,,,,,,,,,,Harju- ja Raplamaa,0,6,0.5,4,Cluster 4
9180,748.0,2021-12-21 18:32:00,,68.0,Naine,65-74,WISE,Eestlane,Eestlane,Tartumaa,Tartumaa,Tartu linn,Tartu linn (L),,Linn,Kõrgharidus,Jah,Täiesti nõus,Pigem ei ole nõus,Pigem nõus,Pigem ei ole nõus,Täiesti nõus,Täiesti nõus,Täiesti nõus,Pigem nõus,Pigem ei ole nõus,Pigem nõus,Usaldan täiesti,Pigem usaldan,Pigem usaldan,Reformierakond,Jah,2 last,Pensionär,501-1000 €,0.8660277602569558,8,Pigem ei ole nõus,Täiesti nõus,,,,,,,,,,,,,,,,Tartu linn,0,5,0.4166666666666667,3,Cluster 4
12161,1604.0,2022-02-11 10:34:00,Eesti / ?? ?????????,19.0,Mees,16-24,Web,Eestlane,Eestlane,Tartumaa,Tartumaa,Tartu linn,Tartu linn (L),,Linn,Põhiharidus,Jah,Pigem nõus,Täiesti nõus,Täiesti nõus,Täiesti nõus,Täiesti nõus,Üldse ei nõustu,Täiesti nõus,Üldse ei nõustu,Täiesti nõus,Pigem ei ole nõus,Üldse ei usalda,Pigem usaldan,Üldse ei usalda,Isamaa,Jah,Ei ole lapsi,Õpilane või üliõpilane,Kuni 500 €,1.3227348958843677,10,Üldse ei nõustu,Üldse ei nõustu,,,,,,,,,,,,,,,,Tartu linn,0,10,0.8333333333333334,4,Cluster 3
12136,1489.0,2022-02-14 11:45:00,Vene / ?? ???????,42.0,Naine,35-44,Web,Muu,Muu,Tallinn,Tallinn,Tallinn (L),,Lasnamäe,Tallinn,Kõrgharidus,Jah,Pigem nõus,Täiesti nõus,Täiesti nõus,Pigem nõus,Üldse ei nõustu,Üldse ei nõustu,Täiesti nõus,Üldse ei nõustu,Üldse ei nõustu,Ei oska öelda,Pigem ei usalda,Pigem ei usalda,Üldse ei usalda,Keskerakond,Jah,2 last,Spetsialist,1501-2000 €,0.9410592797082501,10,Pigem ei ole nõus,Üldse ei nõustu,,,,,,,,,,,,,,,,"Kesklinn, Lasnamäe ja Pirita",1,8,0.7272727272727273,5,Cluster 2
10334,1037.0,2022-01-17 16:55:00,,43.0,Naine,35-44,WISE,Eestlane,Eestlane,Harjumaa,Põhja-Eesti,Harku vald,Muu alevik või küla (M),,Maa,Kõrgharidus,Jah,Täiesti nõus,Pigem nõus,Pigem ei ole nõus,Pigem ei ole nõus,Pigem nõus,Täiesti nõus,Täiesti nõus,Täiesti nõus,Üldse ei nõustu,Täiesti nõus,Pigem usaldan,Pigem ei usalda,Pigem usaldan,Reformierakond,Jah,2 last,Spetsialist,1501-2000 €,1.0238471854295341,9,Pigem ei ole nõus,Täiesti nõus,,,,,,,,,,,,,,,,Harju- ja Raplamaa,0,7,0.5833333333333334,4,Cluster 4
22801,1423.0,2022-11-23 12:13:00,Eesti,42.0,Naine,35-44,Web,Eestlane,Eestlane,Harjumaa,Põhja-Eesti,Rae vald,"Aaviku küla, Assaku alevik, Järveküla, Jüri alevik, Karla küla, Kopli küla, Lagedi alevik, Pajupea küla, Peetri alevik,",,Väikelinn,Kõrgharidus,Jah,Täiesti nõus,Täiesti nõus,Pigem nõus,Pigem ei ole nõus,Pigem nõus,Pigem nõus,Ei oska öelda,Pigem nõus,Üldse ei nõustu,Pigem nõus,Pigem usaldan,Pigem usaldan,Pigem ei usalda,Ei oska öelda,Jah,2 last,Spetsialist,Üle 2000 €,0.766354536666121,19,Üldse ei nõustu,Ei oska öelda,,Täiesti nõus,,282.1,,No,5,-3.0,-5.0,1.0,1.0,1.0,2.0,2.0,0.0,Harju- ja Raplamaa,2,5,0.5,5,Cluster 0
24624,516.0,2023-01-06 14:57:40,Eesti / На эстонском,66.0,Mees,65-74,Cati,Eestlane,Eestlane,Pärnumaa,Lääne-Eesti,Pärnu linn,Pärnu linn (L),,Linn,Keskharidus,Jah,Täiesti nõus,Täiesti nõus,Üldse ei nõustu,Pigem ei ole nõus,Täiesti nõus,Täiesti nõus,Täiesti nõus,Täiesti nõus,Üldse ei nõustu,Täiesti nõus,Usaldan täiesti,Pigem usaldan,Pigem usaldan,Reformierakond,Jah,1 laps,Pensionär,501-1000 €,0.8837568449887504,21,Pigem ei ole nõus,Pigem ei ole nõus,,Täiesti nõus,,350.77,,,4,-2.0,-5.0,3.0,-1.0,-1.0,0.0,0.0,0.0,Pärnumaa,0,10,0.8333333333333334,3,Cluster 4
25901,670.0,2023-02-06 11:04:00,Eesti / На эстонском,87.0,Mees,75+,Cati,Eestlane,Eestlane,Lääne-Virumaa,Põhja-Eesti,Kadrina vald (M),,,Maa,Põhiharidus,Jah,Pigem ei ole nõus,Täiesti nõus,Täiesti nõus,Pigem nõus,Täiesti nõus,Täiesti nõus,Täiesti nõus,Täiesti nõus,Täiesti nõus,Täiesti nõus,Pigem usaldan,Pigem ei usalda,Pigem ei usalda,Keskerakond,Jah,Ei ole lapsi,Pensionär,501-1000 €,1.554944783944499,22,Täiesti nõus,Täiesti nõus,,Pigem nõus,,539.18,,,2,0.0,-2.0,2.0,0.0,-1.0,-4.0,1.0,-3.0,Lääne-Virumaa,0,10,0.8333333333333334,3,Cluster 1
11246,312.0,2022-02-02 17:32:00,Eesti / ?? ?????????,23.0,Mees,16-24,WISE,Eestlane,Eestlane,Tallinn,Tallinn,Tallinn (L),,Kristiine,Tallinn,Keskharidus,Jah,Täiesti nõus,Täiesti nõus,Pigem ei ole nõus,Üldse ei nõustu,Üldse ei nõustu,Täiesti nõus,Pigem nõus,Täiesti nõus,Üldse ei nõustu,Täiesti nõus,Pigem usaldan,Pigem usaldan,Pigem ei usalda,Ei oska öelda,Jah,Ei ole lapsi,Tööline,Kuni 500 €,0.9307435369596276,10,Täiesti nõus,Täiesti nõus,,,,,,,,,,,,,,,,"Haabersti, Põhja-Tallinn ja Kristiine",0,10,0.8333333333333334,4,Cluster 0
18702,837.0,2022-08-19 13:59:00,,61.0,Mees,55-64,WISE,Eestlane,Eestlane,Tartumaa,Tartumaa,Tartu linn,Muu küla (M),,Maa,Keskharidus,Jah,Üldse ei nõustu,Täiesti nõus,Täiesti nõus,Täiesti nõus,Täiesti nõus,Üldse ei nõustu,Pigem nõus,Üldse ei nõustu,Üldse ei nõustu,Täiesti nõus,Üldse ei usalda,Pigem ei usalda,Üldse ei usalda,EKRE,Jah,2 last,Pensionär,501-1000 €,0.896732391796602,16,Täiesti nõus,Üldse ei nõustu,,Pigem nõus,,473.12,Täiesti nõus,,,,,,,,,,,Tartu linn,0,11,0.9166666666666666,3,Cluster 3
24531,388.0,2023-01-05 18:09:33,Eesti / На эстонском,36.0,Mees,35-44,Cati,Eestlane,Eestlane,Tartumaa,Tartumaa,Kambja vald,"Soinaste küla, Tõrvandi alevik, Õssu küla, Ülenurme alevik (VL)",,,Kõrgharidus,Jah,Täiesti nõus,Pigem ei ole nõus,Pigem nõus,Pigem ei ole nõus,Pigem nõus,Pigem nõus,Pigem ei ole nõus,Pigem nõus,Pigem ei ole nõus,Pigem nõus,Pigem usaldan,Pigem usaldan,Pigem usaldan,Reformierakond,Jah,Ei ole lapsi,Spetsialist,Üle 2000 €,0.8008964964813108,21,Pigem ei ole nõus,Pigem nõus,,Täiesti nõus,,361.63,,,4,0.0,-5.0,2.0,-1.0,-1.0,-1.0,-1.0,-4.0,Jõgeva- ja Tartumaa,0,2,0.16666666666666666,3,Cluster 4
6925,1601.0,2021-10-20 11:47:00,Eesti / ?? ?????????,37.0,Naine,35-44,WISE,Eestlane,Eestlane,Tartumaa,Tartumaa,Tartu linn,Tartu linn (L),,Linn,Põhiharidus,Jah,Üldse ei nõustu,Täiesti nõus,Pigem nõus,Täiesti nõus,Täiesti nõus,Pigem ei ole nõus,Üldse ei nõustu,Üldse ei nõustu,Üldse ei nõustu,Pigem nõus,Üldse ei usalda,Üldse ei usalda,Üldse ei usalda,EKRE,Jah,2 last,Tööline,501-1000 €,1.5409124250663448,6,Pigem ei ole nõus,Üldse ei nõustu,,,,,,,,,,,,,,,,Tartu linn,0,8,0.6666666666666666,4,Cluster 3
8822,300.0,2021-12-20 16:58:00,,37.0,Mees,35-44,Cati,Eestlane,Eestlane,Tallinn,Tallinn,Tallinn (L),,Pirita,Tallinn,Kõrgharidus,Jah,Pigem nõus,Pigem nõus,Pigem ei ole nõus,Pigem ei ole nõus,Täiesti nõus,Pigem nõus,Pigem nõus,Pigem ei ole nõus,Pigem ei ole nõus,Pigem ei ole nõus,Pigem usaldan,Pigem usaldan,Pigem usaldan,Reformierakond,Jah,Ei ole lapsi,Ettevõtja või füüsilisest isikust ettevõtja (FIE),Üle 2000 €,0.8481427036501031,8,Pigem ei ole nõus,Täiesti nõus,,,,,,,,,,,,,,,,"Kesklinn, Lasnamäe ja Pirita",0,2,0.16666666666666666,3,Cluster 4
351,1255.0,2021-04-27 13:05:00,Vene / На русском,46.0,Mees,45-54,Web,Venelane,Muu,Tallinn,Tallinn,Tallinn (L),,Kristiine,Tallinn,Keskharidus,Jah,Ei oska öelda,Ei oska öelda,Pigem ei ole nõus,Ei oska öelda,Üldse ei nõustu,Pigem ei ole nõus,Ei oska öelda,Üldse ei nõustu,Ei oska öelda,Pigem ei ole nõus,Üldse ei usalda,Ei oska öelda,Üldse ei usalda,Mitte ükski erakond,Jah,1 laps,Tööline,1001-1500 €,1.0951390309950377,1,,,,,,,,,,,,,,,,,,"Haabersti, Põhja-Tallinn ja Kristiine",6,2,0.3333333333333333,3,Cluster 2
20625,52.0,2022-10-10 17:19:00,Eesti / ?? ?????????,27.0,Mees,25-34,WISE,Eestlane,Eestlane,Harjumaa,Põhja-Eesti,Rae vald,"Aaviku küla, Assaku alevik, Järveküla, Jüri alevik, Karla küla, Kopli küla, Lagedi alevik, Pajupea küla, Peetri alevik,",,Väikelinn,Keskharidus,Jah,Pigem nõus,Pigem nõus,Pigem ei ole nõus,Üldse ei nõustu,Pigem nõus,Pigem ei ole nõus,Pigem nõus,Pigem ei ole nõus,Üldse ei nõustu,Pigem nõus,Pigem usaldan,Pigem ei usalda,Pigem usaldan,Isamaa,Jah,1 laps,Tööline,1001-1500 €,1.0698194214643002,18,Pigem ei ole nõus,Pigem ei ole nõus,,Täiesti nõus,,666.89,,,4,0.0,0.0,5.0,5.0,0.0,0.0,0.0,0.0,Harju- ja Raplamaa,0,3,0.25,4,Cluster 4
6321,205.0,2021-10-07 14:22:00,Eesti / ?? ?????????,27.0,Naine,25-34,WISE,Eestlane,Eestlane,Tartumaa,Tartumaa,Tartu linn,Tartu linn (L),,Linn,Kõrgharidus,Jah,Täiesti nõus,Pigem nõus,Pigem ei ole nõus,Pigem ei ole nõus,Pigem nõus,Täiesti nõus,Pigem nõus,Täiesti nõus,Pigem ei ole nõus,Pigem nõus,Pigem usaldan,Pigem usaldan,Pigem usaldan,Reformierakond,Jah,Ei ole lapsi,"Töötu, tööd otsiv",Kuni 500 €,0.9476339786426062,6,Pigem nõus,Pigem nõus,,,,,,,,,,,,,,,,Tartu linn,0,3,0.25,3,Cluster 4
14315,1124.0,2022-04-07 09:54:59,Eesti / ?? ?????????,37.0,Naine,35-44,Cati,Eestlane,Eestlane,Ida-Virumaa,Ida-Virumaa,Kohtla-Järve linn,"Ahtme linnaosa, Järve linnaosa (L)",,Linn,Kõrgharidus,Jah,Täiesti nõus,Pigem nõus,Pigem ei ole nõus,Pigem ei ole nõus,Täiesti nõus,Pigem nõus,Pigem nõus,Täiesti nõus,Üldse ei nõustu,Täiesti nõus,Usaldan täiesti,Pigem usaldan,Pigem ei usalda,SDE,Jah,3 või rohkem last,Spetsialist,1001-1500 €,0.7582291448320063,12,Pigem ei ole nõus,Täiesti nõus,2022-04-07 09:49:34,Täiesti nõus,,324.71,Pigem nõus,No,,,,,,,,,,Ida-Virumaa,0,7,0.5833333333333334,4,Cluster 4
6771,1312.0,2021-10-19 12:41:00,Eesti / ?? ?????????,42.0,Naine,35-44,Cati,Eestlane,Eestlane,Läänemaa,Lääne-Eesti,Haapsalu linn,Haapsalu linn (L),,Linn,Kõrgharidus,Jah,Pigem ei ole nõus,Pigem nõus,Pigem ei ole nõus,Pigem ei ole nõus,Pigem nõus,Täiesti nõus,Täiesti nõus,Pigem nõus,Pigem ei ole nõus,Pigem ei ole nõus,Pigem ei usalda,Pigem ei usalda,Pigem ei usalda,Rohelised,Jah,2 last,Kodune või mittetöötav,Ei soovi avaldada,1.0109171716559935,6,Pigem nõus,Pigem ei ole nõus,,,,,,,,,,,,,,,,"Hiiu-, Lääne- ja Saaremaa",0,2,0.16666666666666666,3,Cluster 2
9734,3773.0,2022-01-03 15:34:00,,52.0,Mees,45-54,Web,Venelane,Muu,Tartumaa,Tartumaa,Tartu linn,Tartu linn (L),,Linn,Keskharidus,Ei,Pigem ei ole nõus,Pigem nõus,Pigem nõus,Pigem nõus,Pigem ei ole nõus,Pigem nõus,Pigem nõus,Pigem ei ole nõus,Pigem ei ole nõus,Pigem nõus,Pigem usaldan,Pigem usaldan,Pigem ei usalda,Eesti 200,Ei,3 või rohkem last,Tööline,Üle 2000 €,0.950296808477341,8,Pigem nõus,Pigem nõus,,,,,,,,,,,,,,,,Tartu linn,0,0,0.0,2,Cluster 2
25137,1530.0,2023-01-14 12:06:07,Eesti / На эстонском,31.0,Mees,25-34,Web,Eestlane,Eestlane,Tallinn,Tallinn,Tallinn (L),,Lasnamäe,Tallinn,Kõrgharidus,Jah,Üldse ei nõustu,Täiesti nõus,Täiesti nõus,Täiesti nõus,Täiesti nõus,Üldse ei nõustu,Täiesti nõus,Üldse ei nõustu,Täiesti nõus,Üldse ei nõustu,Üldse ei usalda,Üldse ei usalda,Üldse ei usalda,EKRE,Jah,Ei soovi avaldada,Tööline,Ei soovi avaldada,1.0321783314338644,21,Täiesti nõus,Üldse ei nõustu,,Täiesti nõus,,303.53,,No,3,-4.0,5.0,-5.0,-2.0,-5.0,-5.0,-5.0,-5.0,"Kesklinn, Lasnamäe ja Pirita",0,13,1.0833333333333333,2,Cluster 3
15696,1157.0,2022-05-16 07:28:00,,77.0,Naine,75+,Web,Eestlane,Eestlane,Tallinn,Tallinn,Tallinn (L),,Kristiine,Tallinn,Keskharidus,Jah,Täiesti nõus,Pigem ei ole nõus,Pigem nõus,Pigem nõus,Täiesti nõus,Täiesti nõus,Pigem ei ole nõus,Täiesti nõus,Pigem ei ole nõus,Täiesti nõus,Usaldan täiesti,Pigem usaldan,Usaldan täiesti,Reformierakond,Jah,2 last,Pensionär,501-1000 €,0.9783528222774468,13,Täiesti nõus,Täiesti nõus,,Täiesti nõus,,,Pigem nõus,,,,,,,,,,,"Haabersti, Põhja-Tallinn ja Kristiine",0,8,0.6666666666666666,3,Cluster 4
1455,338.0,2021-05-27 09:44:00,Eesti / На эстонском,70.0,Mees,65-74,WISE,Eestlane,Eestlane,Läänemaa,Lääne-Eesti,Haapsalu linn,Haapsalu linn (L),,Linn,Kõrgharidus,Jah,Pigem nõus,Pigem ei ole nõus,Ei oska öelda,Pigem ei ole nõus,Pigem ei ole nõus,Pigem nõus,Pigem nõus,Pigem nõus,Pigem ei ole nõus,Pigem nõus,Pigem usaldan,Pigem usaldan,Pigem usaldan,Rohelised,Jah,2 last,Pensionär,1001-1500 €,0.6391097378152936,2,,,,,,,,,,,,,,,,,,"Hiiu-, Lääne- ja Saaremaa",1,1,0.09090909090909091,4,Cluster 0
9005,545.0,2021-12-21 12:50:00,,50.0,Mees,45-54,WISE,Eestlane,Eestlane,Raplamaa,Kesk-Eesti,Kehtna vald (M),,,Maa,Põhiharidus,Jah,Täiesti nõus,Pigem nõus,Ei oska öelda,Üldse ei nõustu,Pigem nõus,Pigem nõus,Pigem nõus,Pigem nõus,Ei oska öelda,Ei oska öelda,Pigem usaldan,Pigem ei usalda,Pigem usaldan,Reformierakond,Jah,3 või rohkem last,Spetsialist,Üle 2000 €,1.8571216266580712,8,Üldse ei nõustu,Pigem nõus,,,,,,,,,,,,,,,,Harju- ja Raplamaa,3,3,0.3333333333333333,4,Cluster 0
9674,2904.0,2021-12-30 20:52:00,,60.0,Mees,55-64,Web,Venelane,Muu,Ida-Virumaa,Ida-Virumaa,Narva linn (L),,,Linn,Keskharidus,Jah,Pigem nõus,Pigem nõus,Pigem nõus,Ei oska öelda,Pigem nõus,Pigem ei ole nõus,Pigem nõus,Täiesti nõus,Üldse ei nõustu,Pigem nõus,Pigem usaldan,Pigem usaldan,Pigem usaldan,Reformierakond,Jah,2 last,Tööline,1001-1500 €,1.1246216809000298,8,Pigem ei ole nõus,Pigem nõus,,,,,,,,,,,,,,,,Ida-Virumaa,1,2,0.18181818181818182,5,Cluster 0
17970,1195.0,2022-07-12 18:39:00,,53.0,Mees,45-54,WISE,Eestlane,Eestlane,Valgamaa,Lõuna-Eesti,Valga vald,Valga linn (L),,Linn,Keskharidus,Jah,Pigem nõus,Pigem ei ole nõus,Täiesti nõus,Pigem ei ole nõus,Pigem nõus,Täiesti nõus,Pigem nõus,Täiesti nõus,Ei oska öelda,Täiesti nõus,Pigem usaldan,Pigem usaldan,Üldse ei usalda,Ei oska öelda,Jah,Ei ole lapsi,Tööline,501-1000 €,1.174757514060099,15,Pigem nõus,Täiesti nõus,2022-07-12 18:33:00,Täiesti nõus,,348.49,Üldse ei nõustu,,,,,,,,,,,"Võru-, Valga- ja Põlvamaa",1,6,0.5454545454545454,4,Cluster 4
19670,332.0,2022-09-06 12:33:00,,50.0,Naine,45-54,WISE,Eestlane,Eestlane,Viljandimaa,Kesk-Eesti,Viljandi vald,Muu alevik või küla (M),,Maa,Kõrgharidus,Jah,Täiesti nõus,Pigem nõus,Pigem nõus,Pigem ei ole nõus,Pigem nõus,Täiesti nõus,Täiesti nõus,Täiesti nõus,Pigem ei ole nõus,Pigem nõus,Pigem usaldan,Pigem usaldan,Pigem usaldan,Isamaa,Jah,2 last,Tööline,501-1000 €,0.8220046919219662,17,Pigem nõus,Pigem nõus,,Täiesti nõus,,436.48,,,3,0.0,-0.13333333333333333,0.06666666666666667,0.06666666666666667,0.13333333333333333,0.13333333333333333,0.0,0.0,Järva- ja Viljandimaa,0,5,0.4166666666666667,3,Cluster 4
9606,2469.0,2021-12-30 08:28:00,,24.0,Naine,16-24,Web,Venelane,Muu,Tallinn,Tallinn,Tallinn (L),,Lasnamäe,Tallinn,Keskharidus,Jah,Täiesti nõus,Täiesti nõus,Täiesti nõus,Täiesti nõus,Pigem nõus,Täiesti nõus,Täiesti nõus,Täiesti nõus,Üldse ei nõustu,Täiesti nõus,Pigem usaldan,Pigem usaldan,Pigem usaldan,Keskerakond,Jah,1 laps,Õpilane või üliõpilane,1501-2000 €,0.9356733210962113,8,Pigem nõus,Täiesti nõus,,,,,,,,,,,,,,,,"Kesklinn, Lasnamäe ja Pirita",0,10,0.8333333333333334,3,Cluster 1
16513,964.0,2022-06-14 12:01:00,,63.0,Naine,55-64,WISE,Eestlane,Eestlane,Viljandimaa,Kesk-Eesti,Põhja-Sakala vald (M),,,Maa,Keskharidus,Jah,Pigem nõus,Pigem nõus,Täiesti nõus,Pigem ei ole nõus,Täiesti nõus,Ei oska öelda,Täiesti nõus,Pigem nõus,Üldse ei nõustu,Täiesti nõus,Pigem usaldan,Pigem ei usalda,Pigem ei usalda,Mitte ükski erakond,Jah,3 või rohkem last,Pensionär,Kuni 500 €,0.890991764559691,14,Täiesti nõus,Täiesti nõus,,Täiesti nõus,,355.84,Pigem nõus,,,,,,,,,,,Järva- ja Viljandimaa,1,8,0.7272727272727273,5,Cluster 0
15947,207.0,2022-06-07 21:22:00,,63.0,Naine,55-64,Web,Eestlane,Eestlane,Raplamaa,Kesk-Eesti,Kehtna vald (M),,,Maa,Põhiharidus,Jah,Üldse ei nõustu,Täiesti nõus,Täiesti nõus,Täiesti nõus,Täiesti nõus,Täiesti nõus,Täiesti nõus,Üldse ei nõustu,Üldse ei nõustu,Täiesti nõus,Üldse ei usalda,Üldse ei usalda,Üldse ei usalda,EKRE,Jah,1 laps,Spetsialist,501-1000 €,1.3375775603515292,14,Täiesti nõus,Täiesti nõus,,Üldse ei nõustu,,381.99,Üldse ei nõustu,No,,,,,,,,,,Harju- ja Raplamaa,0,13,1.0833333333333333,2,Cluster 3
20697,264.0,2022-10-15 13:38:00,Eesti / ?? ?????????,22.0,Mees,16-24,WISE,Eestlane,Eestlane,Tallinn,Tallinn,Tallinn (L),,Mustamäe,Tallinn,Keskharidus,Jah,Pigem nõus,Täiesti nõus,Pigem nõus,Üldse ei nõustu,Pigem ei ole nõus,Täiesti nõus,Ei oska öelda,Üldse ei nõustu,Pigem ei ole nõus,Täiesti nõus,Pigem usaldan,Pigem usaldan,Pigem usaldan,Mitte ükski erakond,Ei,Ei ole lapsi,Õpilane või üliõpilane,501-1000 €,1.0171184700352276,18,Üldse ei nõustu,Pigem ei ole nõus,,Täiesti nõus,,530.37,,,4,0.0,0.0,0.0,0.0,0.0,0.0,0.0,0.0,Mustamäe ja Nõmme,1,7,0.6363636363636364,5,Cluster 1
835,800.0,2021-04-20 14:01:00,Eesti / На эстонском,67.0,Mees,65-74,Cati,Eestlane,Eestlane,Pärnumaa,Lääne-Eesti,Tori vald,Muu alevik või küla (M),,Maa,Kõrgharidus,Jah,Üldse ei nõustu,Täiesti nõus,Täiesti nõus,Täiesti nõus,Täiesti nõus,Üldse ei nõustu,Täiesti nõus,Pigem ei ole nõus,Täiesti nõus,Ei oska öelda,Üldse ei usalda,Pigem ei usalda,Üldse ei usalda,EKRE,Jah,2 last,Spetsialist,1001-1500 €,0.5187932231264987,1,,,,,,,,,,,,,,,,,,Pärnumaa,1,9,0.8181818181818182,4,Cluster 3
3721,220.0,2021-07-20 14:36:00,Eesti / На эстонском,60.0,Naine,55-64,WISE,Eestlane,Eestlane,Võrumaa,Lõuna-Eesti,Võru linn (L),,,Linn,Keskharidus,Jah,Ei oska öelda,Täiesti nõus,Täiesti nõus,Pigem ei ole nõus,Täiesti nõus,Täiesti nõus,Täiesti nõus,Üldse ei nõustu,Üldse ei nõustu,Üldse ei nõustu,Pigem usaldan,Üldse ei usalda,Üldse ei usalda,Keskerakond,Jah,2 last,Tööline,501-1000 €,0.7345942651630626,4,Pigem ei ole nõus,,,,,,,,,,,,,,,,,"Võru-, Valga- ja Põlvamaa",1,9,0.8181818181818182,4,Cluster 2
15874,123.0,2022-06-07 12:35:00,,59.0,Mees,55-64,WISE,Eestlane,Eestlane,Viljandimaa,Kesk-Eesti,Viljandi linn (L),,,Linn,Kõrgharidus,Jah,Täiesti nõus,Pigem nõus,Üldse ei nõustu,Üldse ei nõustu,Täiesti nõus,Täiesti nõus,Pigem ei ole nõus,Täiesti nõus,Üldse ei nõustu,Pigem nõus,Usaldan täiesti,Usaldan täiesti,Usaldan täiesti,Eesti 200,Jah,3 või rohkem last,Spetsialist,1501-2000 €,0.8468805245311847,14,Pigem nõus,Täiesti nõus,,Täiesti nõus,,409.34,Täiesti nõus,,,,,,,,,,,Järva- ja Viljandimaa,0,9,0.75,4,Cluster 4
15113,315.0,2022-05-04 10:55:00,,45.0,Mees,45-54,Web,Eestlane,Eestlane,Valgamaa,Lõuna-Eesti,Tõrva vald (M),,,Maa,Põhiharidus,Jah,Pigem nõus,Pigem nõus,Pigem ei ole nõus,Pigem nõus,Täiesti nõus,Pigem nõus,Täiesti nõus,Pigem ei ole nõus,Täiesti nõus,Pigem ei ole nõus,Pigem usaldan,Pigem usaldan,Pigem ei usalda,EKRE,Ei,2 last,Pensionär,Kuni 500 €,1.3695997274347407,13,Täiesti nõus,Täiesti nõus,,Täiesti nõus,,,Pigem nõus,,,,,,,,,,,"Võru-, Valga- ja Põlvamaa",0,6,0.5,3,Cluster 1
1765,712.0,2021-05-29 11:28:00,Eesti / На эстонском,30.0,Mees,25-34,WISE,Eestlane,Eestlane,Tartumaa,Tartumaa,Tartu linn,Tartu linn (L),,Linn,Keskharidus,Jah,Täiesti nõus,Pigem nõus,Pigem ei ole nõus,Pigem ei ole nõus,Pigem ei ole nõus,Täiesti nõus,Üldse ei nõustu,Täiesti nõus,Üldse ei nõustu,Täiesti nõus,Ei oska öelda,Pigem usaldan,Pigem ei usalda,Mitte ükski erakond,Jah,Ei ole lapsi,Tööline,501-1000 €,1.3938666704180147,2,,,,,,,,,,,,,,,,,,Tartu linn,0,7,0.5833333333333334,4,Cluster 0
1312,171.0,2021-05-26 11:39:00,Eesti / На эстонском,77.0,Naine,75+,Cati,Muu,Muu,Harjumaa,Põhja-Eesti,Saue vald,"Saue linn, Alliku, Koidu või Vanamõisa küla (VL)",,Väikelinn,Kõrgharidus,Jah,Üldse ei nõustu,Pigem ei ole nõus,Pigem nõus,Pigem ei ole nõus,Üldse ei nõustu,Pigem ei ole nõus,Pigem ei ole nõus,Täiesti nõus,Ei oska öelda,Pigem ei ole nõus,Usaldan täiesti,Pigem usaldan,Üldse ei usalda,Ei oska öelda,Jah,2 last,Pensionär,501-1000 €,0.6535770259337514,2,,,,,,,,,,,,,,,,,,Harju- ja Raplamaa,1,4,0.36363636363636365,5,Cluster 2
11695,922.0,2022-02-04 14:07:00,Eesti / ?? ?????????,74.0,Naine,65-74,WISE,Muu,Muu,Harjumaa,Põhja-Eesti,Kiili vald,Muu alev või küla (M),,Maa,Keskharidus,Jah,Täiesti nõus,Üldse ei nõustu,Ei oska öelda,Täiesti nõus,Täiesti nõus,Üldse ei nõustu,Täiesti nõus,Üldse ei nõustu,Täiesti nõus,Täiesti nõus,Pigem ei usalda,Pigem usaldan,Pigem usaldan,Muu,Jah,2 last,Pensionär,501-1000 €,0.869301141759577,10,Täiesti nõus,Pigem nõus,,,,,,,,,,,,,,,,Harju- ja Raplamaa,1,10,0.9090909090909091,4,Cluster 1
24737,748.0,2023-01-07 15:11:54,Eesti / На эстонском,56.0,Naine,55-64,Cati,Eestlane,Eestlane,Viljandimaa,Kesk-Eesti,Viljandi linn (L),,,Linn,Keskharidus,Jah,Üldse ei nõustu,Täiesti nõus,Täiesti nõus,Täiesti nõus,Täiesti nõus,Üldse ei nõustu,Täiesti nõus,Üldse ei nõustu,Ei oska öelda,Üldse ei nõustu,Üldse ei usalda,Pigem ei usalda,Üldse ei usalda,EKRE,Jah,3 või rohkem last,Kodune või mittetöötav,Ei soovi avaldada,1.0773633734356352,21,Üldse ei nõustu,Üldse ei nõustu,,Üldse ei nõustu,,346.0,,,2,-2.0,4.0,-5.0,-3.0,-5.0,0.0,-3.0,-2.0,Järva- ja Viljandimaa,1,12,1.0909090909090908,3,Cluster 3
13533,235.0,2022-04-04 16:14:47,Eesti / ?? ?????????,32.0,Naine,25-34,WISE,Eestlane,Eestlane,Pärnumaa,Lääne-Eesti,Tori vald,"Sauga alevik, Sindi linn, Tammiste küla (VL)",,Väikelinn,Kõrgharidus,Jah,Pigem nõus,Täiesti nõus,Täiesti nõus,Pigem ei ole nõus,Pigem ei ole nõus,Täiesti nõus,Täiesti nõus,Pigem nõus,Pigem ei ole nõus,Täiesti nõus,Pigem ei usalda,Pigem ei usalda,Pigem ei usalda,Mitte ükski erakond,Ei,2 last,Spetsialist,1501-2000 €,0.8100827268664159,12,Üldse ei nõustu,Pigem ei ole nõus,2022-04-04 16:07:59,Pigem nõus,,408.51,Üldse ei nõustu,No,,,,,,,,,,Pärnumaa,0,6,0.5,4,Cluster 0
